Workbook

Sheet PIVOT_TABBLE_2
A3: Row Labels | B3: Sum of Frequency
A4: January | B4: 204
A5: February | B5: 155
A6: March | B6: 201
A7: April | B7: 159
A8: May | B8: 162
A9: June | B9: 173
A10: July | B10: 189
A11: August | B11: 184
A12: September | B12: 186
A13: October | B13: 152
A14: November | B14: 131
A15: December | B15: 125
A16: Grand Total | B16: 2021

Sheet Sheet8
A1: MonthName | B1: Frequency
A2: December | B2: 1
A3: July | B3: 1
A4: July | B4: 1
A5: March | B5: 1
A6: July | B6: 1
A7: July | B7: 1
A8: February | B8: 1
A9: July | B9: 1
A10: March | B10: 1
A11: March | B11: 1
A12: February | B12: 1
A13: January | B13: 1
... A2022: September | B2022: 1

Sheet ID_to_Spent_Tool
A1: Customer ID Input | B1: Total_Spent_by_Customer
A2: 68 | B2: =VLOOKUP(A2,Main!A:C,3) -> 2074

Sheet PIVOT_CHART
A1: Row Labels | B1: Sum of Frequency
A2: January | B2: 204
A3: February | B3: 155
A4: March | B4: 201
A5: April | B5: 159
A6: May | B6: 162
A7: June | B7: 173
A8: July | B8: 189
A9: August | B9: 184
A10: September | B10: 186
A11: October | B11: 152
A12: November | B12: 131
A13: December | B13: 125
A14: Grand Total | B14: 2021

Sheet PIVOTTABLE_AGEGROUP
A1: AcceptedCmp6 | B1: 1
A3: Row Labels | B3: Sum of MntWines | C3: Sum of MntGoldProds | D3: Sum of MntFruits | E3: Sum of MntFishProducts | F3: Sum of MntSweetProducts | G3: Sum of MntMeatProducts
A4: 24-35 | B4: 18756 | C4: 2248 | D4: 1800 | E4: 2235 | F4: 1528 | G4: 14799
A5: 36-50 | B5: 55789 | C5: 7699 | D5: 5025 | E5: 6090 | F5: 5098 | G5: 35967
A6: 51-65 | B6: 53773 | C6: 6237 | D6: 3578 | E6: 4881 | F6: 3592 | G6: 27363
A7: 66+ | B7: 25364 | C7: 3295 | D7: 1498 | E7: 2586 | F7: 1802 | G7: 13745
A8: Grand Total | B8: 153682 | C8: 19479 | D8: 11901 | E8: 15792 | F8: 12020 | G8: 91874

Sheet Sheet3
B4: Column Labels
B5: 0 | C5: 1 | D5: 2 | E5: (blank) | F5: Grand Total
A6: Sum of MntTotal | B6: 986364 | C6: 148652 | D6: 4402 | F6: 1139418

Sheet Sheet4
A1: MntTotal | B1: Kidhome
A2: 2491 | B2: 0
A3: 2429 | B3: 0
A4: 2429 | B4: 0
A5: 2304 | B5: 0
A6: 2304 | B6: 0
A7: 2262 | B7: 0
A8: 2244 | B8: 0
A9: 2188 | B9: 0
A10: 2169 | B10: 0
A11: 2158 | B11: 0
A12: 2157 | B12: 0
A13: 2153 | B13: 0
... A2022: 4 | B2022: 1

Sheet Sheet5
A1: AcceptedCmp6 | B1: 1
A3: Sum of marital_Together | B3: Sum of marital_Widow | C3: Sum of marital_Divorced | D3: Sum of marital_Single | E3: Sum of marital_Married
A4: 55 | B4: 18 | C4: 43 | D4: 103 | E4: 92

Sheet Sheet6
A1: MntTotal | B1: marital_Divorced | C1: marital_Married | D1: marital_Single | E1: marital_Together | F1: marital_Widow
A2: 2491 | B2: 0 | C2: 0 | D2: 0 | E2: 1 | F2: 0
A3: 2429 | B3: 0 | C3: 0 | D3: 1 | E3: 0 | F3: 0
A4: 2429 | B4: 0 | C4: 0 | D4: 1 | E4: 0 | F4: 0
A5: 2304 | B5: 0 | C5: 1 | D5: 0 | E5: 0 | F5: 0
A6: 2304 | B6: 0 | C6: 0 | D6: 1 | E6: 0 | F6: 0
A7: 2262 | B7: 0 | C7: 1 | D7: 0 | E7: 0 | F7: 0
A8: 2244 | B8: 0 | C8: 1 | D8: 0 | E8: 0 | F8: 0
A9: 2188 | B9: 0 | C9: 1 | D9: 0 | E9: 0 | F9: 0
A10: 2169 | B10: 0 | C10: 0 | D10: 1 | E10: 0 | F10: 0
A11: 2158 | B11: 0 | C11: 0 | D11: 1 | E11: 0 | F11: 0
A12: 2157 | B12: 0 | C12: 0 | D12: 0 | E12: 1 | F12: 0
A13: 2153 | B13: 0 | C13: 0 | D13: 0 | E13: 1 | F13: 0
... A2022: 4 | B2022: 0 | C2022: 0 | D2022: 1 | E2022: 0 | F2022: 0

Sheet Sheet7

Sheet Main
A1: Customer ID | B1: Income | C1: MntTotal | D1: PctIncome | E1: Kidhome | F1: Teenhome | G1: Recency | H1: MntWines | I1: MntFruits | J1: MntMeatProducts | K1: MntFishProducts | L1: MntSweetProducts | M1: MntGoldProds | N1: NumDealsPurchases | O1: NumWebPurchases | P1: NumCatalogPurchases | Q1: NumStorePurchases | R1: NumWebVisitsMonth | S1: AcceptedCmp1 | T1: AcceptedCmp2 | U1: AcceptedCmp3 | V1: AcceptedCmp4 | W1: AcceptedCmp5 | X1: Complain | Y1: AcceptedCmp6 | Z1: Age | AA1: Age Group | AB1: Customer_Days | AC1: marital_Divorced | AD1: marital_Married | AE1: marital_Single | AF1: marital_Together | AG1: marital_Widow | AH1: education_2n Cycle | AI1: education_Graduation | AJ1: education_Master | AK1: education_PhD | AL1: MntRegularProds | AM1: DateJoined | AN1: MonthJoined | AO1: MonthName | AP1: Frequency
A2: 1 | B2: 87679 | C2: 2491 | D2: =C2*100/B2 -> 2.8410452 | E2: 0 | F2: 0 | G2: 62 | H2: 1259 | I2: 172 | J2: 815 | K2: 97 | L2: 148 | M2: 33 | N2: 1 | O2: 7 | P2: 11 | Q2: 10 | R2: 4 | S2: 1 | T2: 0 | U2: 1 | V2: 0 | W2: 1 | X2: 0 | Y2: 1 | Z2: 32 | AA2: {=_xlfn.IFS(AND(Z2<36,Z2>23),"24-35",AND(Z2<51,Z2>35),"36-50",AND(Z2>50,Z2<66),"51-65",Z2>65,"66+",TRUE,"?")} -> 24-35 | AB2: 2496 | AC2: 0 | AD2: 0 | AE2: 0 | AF2: 1 | AG2: 0 | AH2: 0 | AI2: 1 | AJ2: 0 | AK2: 0 | AL2: 2458 | AM2: 42353 | AN2: =MONTH(AM2) -> 12 | AO2: =TEXT(AM2,"mmmm") -> December | AP2: 1
A3: 9 | B3: 90638 | C3: 2429 | D3: =C3*100/B3 -> 2.6798914 | E3: 0 | F3: 0 | G3: 29 | H3: 1156 | I3: 120 | J3: 915 | K3: 94 | L3: 144 | M3: 96 | N3: 1 | O3: 3 | P3: 4 | Q3: 10 | R3: 1 | S3: 0 | T3: 0 | U3: 0 | V3: 0 | W3: 1 | X3: 0 | Y3: 1 | Z3: 29 | AA3: {=_xlfn.IFS(AND(Z3<36,Z3>23),"24-35",AND(Z3<51,Z3>35),"36-50",AND(Z3>50,Z3<66),"51-65",Z3>65,"66+",TRUE,"?")} -> 24-35 | AB3: 2295 | AC3: 0 | AD3: 0 | AE3: 1 | AF3: 0 | AG3: 0 | AH3: 0 | AI3: 0 | AJ3: 1 | AK3: 0 | AL3: 2333 | AM3: 42554 | AN3: =MONTH(AM3) -> 7 | AO3: =TEXT(AM3,"mmmm") -> July | AP3: 1
A4: 1107 | B4: 90638 | C4: 2429 | D4: =C4*100/B4 -> 2.6798914 | E4: 0 | F4: 0 | G4: 29 | H4: 1156 | I4: 120 | J4: 915 | K4: 94 | L4: 144 | M4: 96 | N4: 1 | O4: 3 | P4: 4 | Q4: 10 | R4: 1 | S4: 0 | T4: 0 | U4: 0 | V4: 0 | W4: 1 | X4: 0 | Y4: 0 | Z4: 29 | AA4: {=_xlfn.IFS(AND(Z4<36,Z4>23),"24-35",AND(Z4<51,Z4>35),"36-50",AND(Z4>50,Z4<66),"51-65",Z4>65,"66+",TRUE,"?")} -> 24-35 | AB4: 2295 | AC4: 0 | AD4: 0 | AE4: 1 | AF4: 0 | AG4: 0 | AH4: 0 | AI4: 0 | AJ4: 1 | AK4: 0 | AL4: 2333 | AM4: 42554 | AN4: =MONTH(AM4) -> 7 | AO4: =TEXT(AM4,"mmmm") -> July | AP4: 1
A5: 15 | B5: 75759 | C5: 2304 | D5: =C5*100/B5 -> 3.0412228 | E5: 0 | F5: 0 | G5: 46 | H5: 1394 | I5: 22 | J5: 708 | K5: 89 | L5: 91 | M5: 182 | N5: 1 | O5: 9 | P5: 7 | Q5: 9 | R5: 5 | S5: 1 | T5: 0 | U5: 1 | V5: 0 | W5: 1 | X5: 0 | Y5: 1 | Z5: 51 | AA5: {=_xlfn.IFS(AND(Z5<36,Z5>23),"24-35",AND(Z5<51,Z5>35),"36-50",AND(Z5>50,Z5<66),"51-65",Z5>65,"66+",TRUE,"?")} -> 51-65 | AB5: 2406 | AC5: 0 | AD5: 1 | AE5: 0 | AF5: 0 | AG5: 0 | AH5: 0 | AI5: 1 | AJ5: 0 | AK5: 0 | AL5: 2122 | AM5: 42443 | AN5: =MONTH(AM5) -> 3 | AO5: =TEXT(AM5,"mmmm") -> March | AP5: 1
A6: 32 | B6: 93790 | C6: 2304 | D6: =C6*100/B6 -> 2.4565519 | E6: 0 | F6: 0 | G6: 16 | H6: 1302 | I6: 68 | J6: 731 | K6: 89 | L6: 114 | M6: 45 | N6: 0 | O6: 6 | P6: 7 | Q6: 12 | R6: 2 | S6: 1 | T6: 0 | U6: 0 | V6: 1 | W6: 1 | X6: 0 | Y6: 1 | Z6: 50 | AA6: {=_xlfn.IFS(AND(Z6<36,Z6>23),"24-35",AND(Z6<51,Z6>35),"36-50",AND(Z6>50,Z6<66),"51-65",Z6>65,"66+",TRUE,"?")} -> 36-50 | AB6: 2296 | AC6: 0 | AD6: 0 | AE6: 1 | AF6: 0 | AG6: 0 | AH6: 0 | AI6: 1 | AJ6: 0 | AK6: 0 | AL6: 2259 | AM6: 42553 | AN6: =MONTH(AM6) -> 7 | AO6: =TEXT(AM6,"mmmm") -> July | AP6: 1
A7: 988 | B7: 69098 | C7: 2262 | D7: =C7*100/B7 -> 3.2736114 | E7: 0 | F7: 0 | G7: 82 | H7: 1315 | I7: 22 | J7: 780 | K7: 145 | L7: 0 | M7: 178 | N7: 1 | O7: 7 | P7: 8 | Q7: 9 | R7: 5 | S7: 0 | T7: 0 | U7: 0 | V7: 0 | W7: 0 | X7: 0 | Y7: 0 | Z7: 71 | AA7: {=_xlfn.IFS(AND(Z7<36,Z7>23),"24-35",AND(Z7<51,Z7>35),"36-50",AND(Z7>50,Z7<66),"51-65",Z7>65,"66+",TRUE,"?")} -> 66+ | AB7: 2657 | AC7: 0 | AD7: 1 | AE7: 0 | AF7: 0 | AG7: 0 | AH7: 0 | AI7: 0 | AJ7: 0 | AK7: 1 | AL7: 2084 | AM7: 42192 | AN7: =MONTH(AM7) -> 7 | AO7: =TEXT(AM7,"mmmm") -> July | AP7: 1
A8: 1473 | B8: 90226 | C8: 2244 | D8: =C8*100/B8 -> 2.487088 | E8: 0 | F8: 0 | G8: 26 | H8: 1083 | I8: 108 | J8: 649 | K8: 253 | L8: 151 | M8: 108 | N8: 1 | O8: 4 | P8: 7 | Q8: 12 | R8: 2 | S8: 1 | T8: 0 | U8: 0 | V8: 0 | W8: 0 | X8: 0 | Y8: 0 | Z8: 64 | AA8: {=_xlfn.IFS(AND(Z8<36,Z8>23),"24-35",AND(Z8<51,Z8>35),"36-50",AND(Z8>50,Z8<66),"51-65",Z8>65,"66+",TRUE,"?")} -> 51-65 | AB8: 2800 | AC8: 0 | AD8: 1 | AE8: 0 | AF8: 0 | AG8: 0 | AH8: 0 | AI8: 0 | AJ8: 1 | AK8: 0 | AL8: 2136 | AM8: 42049 | AN8: =MONTH(AM8) -> 2 | AO8: =TEXT(AM8,"mmmm") -> February | AP8: 1
A9: 1602 | B9: 80360 | C9: 2188 | D9: =C9*100/B9 -> 2.7227476 | E9: 0 | F9: 0 | G9: 56 | H9: 1493 | I9: 86 | J9: 454 | K9: 112 | L9: 43 | M9: 43 | N9: 2 | O9: 4 | P9: 4 | Q9: 5 | R9: 2 | S9: 1 | T9: 0 | U9: 0 | V9: 1 | W9: 1 | X9: 0 | Y9: 0 | Z9: 71 | AA9: {=_xlfn.IFS(AND(Z9<36,Z9>23),"24-35",AND(Z9<51,Z9>35),"36-50",AND(Z9>50,Z9<66),"51-65",Z9>65,"66+",TRUE,"?")} -> 66+ | AB9: 2642 | AC9: 0 | AD9: 1 | AE9: 0 | AF9: 0 | AG9: 0 | AH9: 0 | AI9: 0 | AJ9: 0 | AK9: 1 | AL9: 2145 | AM9: 42207 | AN9: =MONTH(AM9) -> 7 | AO9: =TEXT(AM9,"mmmm") -> July | AP9: 1
A10: 38 | B10: 91712 | C10: 2169 | D10: =C10*100/B10 -> 2.3650122 | E10: 0 | F10: 0 | G10: 47 | H10: 1276 | I10: 24 | J10: 746 | K10: 94 | L10: 29 | M10: 48 | N10: 0 | O10: 9 | P10: 7 | Q10: 11 | R10: 3 | S10: 0 | T10: 0 | U10: 0 | V10: 0 | W10: 1 | X10: 0 | Y10: 1 | Z10: 73 | AA10: {=_xlfn.IFS(AND(Z10<36,Z10>23),"24-35",AND(Z10<51,Z10>35),"36-50",AND(Z10>50,Z10<66),"51-65",Z10>65,"66+",TRUE,"?")} -> 66+ | AB10: 2414 | AC10: 0 | AD10: 0 | AE10: 1 | AF10: 0 | AG10: 0 | AH10: 0 | AI10: 0 | AJ10: 1 | AK10: 0 | AL10: 2121 | AM10: 42435 | AN10: =MONTH(AM10) -> 3 | AO10: =TEXT(AM10,"mmmm") -> March | AP10: 1
A11: 44 | B11: 75825 | C11: 2158 | D11: =C11*100/B11 -> 2.846027 | E11: 0 | F11: 0 | G11: 40 | H11: 1032 | I11: 105 | J11: 779 | K11: 137 | L11: 105 | M11: 51 | N11: 0 | O11: 5 | P11: 8 | Q11: 9 | R11: 4 | S11: 0 | T11: 0 | U11: 1 | V11: 0 | W11: 0 | X11: 0 | Y11: 1 | Z11: 44 | AA11: {=_xlfn.IFS(AND(Z11<36,Z11>23),"24-35",AND(Z11<51,Z11>35),"36-50",AND(Z11>50,Z11<66),"51-65",Z11>65,"66+",TRUE,"?")} -> 36-50 | AB11: 2784 | AC11: 0 | AD11: 0 | AE11: 1 | AF11: 0 | AG11: 0 | AH11: 0 | AI11: 1 | AJ11: 0 | AK11: 0 | AL11: 2107 | AM11: 42065 | AN11: =MONTH(AM11) -> 3 | AO11: =TEXT(AM11,"mmmm") -> March | AP11: 1
A12: 1340 | B12: 82657 | C12: 2157 | D12: =C12*100/B12 -> 2.6095793 | E12: 0 | F12: 0 | G12: 71 | H12: 966 | I12: 168 | J12: 672 | K12: 246 | L12: 105 | M12: 126 | N12: 1 | O12: 7 | P12: 5 | Q12: 10 | R12: 4 | S12: 1 | T12: 0 | U12: 0 | V12: 1 | W12: 0 | X12: 0 | Y12: 0 | Z12: 74 | AA12: {=_xlfn.IFS(AND(Z12<36,Z12>23),"24-35",AND(Z12<51,Z12>35),"36-50",AND(Z12>50,Z12<66),"51-65",Z12>65,"66+",TRUE,"?")} -> 66+ | AB12: 2434 | AC12: 0 | AD12: 0 | AE12: 0 | AF12: 1 | AG12: 0 | AH12: 0 | AI12: 1 | AJ12: 0 | AK12: 0 | AL12: 2031 | AM12: 42415 | AN12: =MONTH(AM12) -> 2 | AO12: =TEXT(AM12,"mmmm") -> February | AP12: 1
A13: 1181 | B13: 76653 | C13: 2153 | D13: =C13*100/B13 -> 2.8087616 | E13: 0 | F13: 0 | G13: 91 | H13: 736 | I13: 63 | J13: 946 | K13: 219 | L13: 189 | M13: 126 | N13: 1 | O13: 4 | P13: 7 | Q13: 11 | R13: 2 | S13: 1 | T13: 0 | U13: 0 | V13: 0 | W13: 1 | X13: 0 | Y13: 0 | Z13: 51 | AA13: {=_xlfn.IFS(AND(Z13<36,Z13>23),"24-35",AND(Z13<51,Z13>35),"36-50",AND(Z13>50,Z13<66),"51-65",Z13>65,"66+",TRUE,"?")} -> 51-65 | AB13: 2476 | AC13: 0 | AD13: 0 | AE13: 0 | AF13: 1 | AG13: 0 | AH13: 0 | AI13: 1 | AJ13: 0 | AK13: 0 | AL13: 2027 | AM13: 42373 | AN13: =MONTH(AM13) -> 1 | AO13: =TEXT(AM13,"mmmm") -> January | AP13: 1
... A2022: 1409 | B2022: 3502 | C2022: 4 | D2022: =C2022*100/B2022 -> 0.11422045 | E2022: 1 | F2022: 0 | G2022: 56 | H2022: 2 | I2022: 1 | J2022: 1 | K2022: 0 | L2022: 0 | M2022: 1 | N2022: 0 | O2022: 0 | P2022: 0 | Q2022: 0 | R2022: 14 | S2022: 0 | T2022: 0 | U2022: 0 | V2022: 0 | W2022: 0 | X2022: 0 | Y2022: 0 | Z2022: 47 | AA2022: {=_xlfn.IFS(AND(Z2022<36,Z2022>23),"24-35",AND(Z2022<51,Z2022>35),"36-50",AND(Z2022>50,Z2022<66),"51-65",Z2022>65,"66+",TRUE,"?")} -> 36-50 | AB2022: 2601 | AC2022: 0 | AD2022: 0 | AE2022: 1 | AF2022: 0 | AG2022: 0 | AH2022: 0 | AI2022: 1 | AJ2022: 0 | AK2022: 0 | AL2022: 3 | AM2022: 42248 | AN2022: =MONTH(AM2022) -> 9 | AO2022: =TEXT(AM2022,"mmmm") -> September | AP2022: 1

Sheet DATA DICTIONARY
A1: Income: | B1: Customer's Yearly Income
A2: MntTotal: | B2: Total Amount Spent at store by Customer
A3: Kidhome: | B3: Number of Young Kids in Home
A4: TeenHome: | B4: Number of Teenagers in Home
A5: Recency: | B5: Number of Days since Last Purchase
A6: MntWines: | B6: Amount Spent on Purchasing Wine
A7: MntFruits: | B7: Amount Spent on Purchasing Fruits
A8: MntMeatProducts: | B8: Amount Spent on Purchasing Meat Products
A9: MntFishProducts: | B9: Amount Spent on Purchasing Fish
A10: MntSweetProducts: | B10: Amount Spent on Purchasing Sweets
A11: MntGoldProds: | B11: Amount Spent on Purchasing Gold
A12: NumDealsPurchased: | B12: Number of Purchases With Discount
... A40: "0"means | B40: NO

Sheet Summary
A1: Number of Customers | B1: =COUNT(Main!A:A) -> 2021 | D1: =SUBTOTAL(2,Main!A:A) -> 2021
A2: Oldest Customer | B2: =MAX(Main!Z:Z) -> 80 | D2: =SUBTOTAL(4,Main!Z:Z) -> 80
A3: Average Spent | B3: =AVERAGE(Main!C:C) -> 563.78921 | D3: =SUBTOTAL(1,Main!C:C) -> 563.78921
A4: Total spent | B4: =SUM(Main!C:C) -> 1139418 | D4: =SUBTOTAL(9,Main!C:C) -> 1139418
A5: Shortest Life Customer | B5: =MIN(Main!AB:AB) -> 2159 | D5: =SUBTOTAL(5,Main!AB:AB) -> 2159

Sheet ScatterPlot
A1: Income | B1: MntTotal
A2: 87679 | B2: 2491
A3: 90638 | B3: 2429
A4: 90638 | B4: 2429
A5: 75759 | B5: 2304
A6: 93790 | B6: 2304
A7: 69098 | B7: 2262
A8: 90226 | B8: 2244
A9: 80360 | B9: 2188
A10: 91712 | B10: 2169
A11: 75825 | B11: 2158
A12: 82657 | B12: 2157
A13: 76653 | B13: 2153
... A2022: 3502 | B2022: 4

Sheet Histogram
A1: Income | B1: Mnt Total
A2: 87679 | B2: 2491
A3: 90638 | B3: 2429
A4: 90638 | B4: 2429
A5: 75759 | B5: 2304
A6: 93790 | B6: 2304
A7: 69098 | B7: 2262
A8: 90226 | B8: 2244
A9: 80360 | B9: 2188
A10: 91712 | B10: 2169
A11: 75825 | B11: 2158
A12: 82657 | B12: 2157
A13: 76653 | B13: 2153
... A2022: 3502 | B2022: 4

Sheet PIVOT-TABLE
A1: AcceptedCmp6 | B1: 1
A3: Row Labels | B3: Sum of MntTotal | C3: Count of MntTotal2 | D3: Average of MntTotal2
A4: 0 | B4: 260428 | C4: 207 | D4: 1258.1063
A5: 1 | B5: 24421 | C5: 102 | D5: 239.42157
A6: 2 | B6: 420 | C6: 2 | D6: 210
A7: Grand Total | B7: 285269 | C7: 311 | D7: 917.26367

Sheet Month

Sheet Remove duplicates with formula
A1: Income | B1: MntTotal | C1: Kidhome | D1: Teenhome | E1: Recency | F1: MntWines | G1: MntFruits | H1: MntMeatProducts | I1: MntFishProducts | J1: MntSweetProducts | K1: MntGoldProds | L1: NumDealsPurchases | M1: NumWebPurchases | N1: NumCatalogPurchases | O1: NumStorePurchases | P1: NumWebVisitsMonth | Q1: AcceptedCmp1 | R1: AcceptedCmp2 | S1: AcceptedCmp3 | T1: AcceptedCmp4 | U1: AcceptedCmp5 | V1: Complain | W1: AcceptedCmp6 | X1: Age | Y1: Customer_Days | Z1: marital_Divorced | AA1: marital_Married | AB1: marital_Single | AC1: marital_Together | AD1: marital_Widow | AE1: education_2n Cycle | AF1: education_Graduation | AG1: education_Master | AH1: education_PhD | AI1: MntRegularProds | AJ1: DateJoined | AL1: Helper Column
A2: 87679 | B2: 2491 | C2: 0 | D2: 0 | E2: 62 | F2: 1259 | G2: 172 | H2: 815 | I2: 97 | J2: 148 | K2: 33 | L2: 1 | M2: 7 | N2: 11 | O2: 10 | P2: 4 | Q2: 1 | R2: 0 | S2: 1 | T2: 0 | U2: 1 | V2: 0 | W2: 1 | X2: 32 | Y2: 2496 | Z2: 0 | AA2: 0 | AB2: 0 | AC2: 1 | AD2: 0 | AE2: 0 | AF2: 1 | AG2: 0 | AH2: 0 | AI2: 2458 | AJ2: 42353 | AL2: =_xlfn.TEXTJOIN(",",TRUE,B2:AJ2) -> 2491,0,0,62,1259,172,815,97,148,33,1,7,11,10,4,1,0,1,0,1,0,1,32,2496,0,0,0,1,0,0,1,0,0,2458,42353
A3: 46344 | B3: 21 | C3: 1 | D3: 1 | E3: 38 | F3: 11 | G3: 1 | H3: 6 | I3: 2 | J3: 1 | K3: 6 | L3: 2 | M3: 1 | N3: 1 | O3: 2 | P3: 5 | Q3: 0 | R3: 0 | S3: 0 | T3: 0 | U3: 0 | V3: 0 | W3: 0 | X3: 66 | Y3: 2272 | Z3: 0 | AA3: 0 | AB3: 1 | AC3: 0 | AD3: 0 | AE3: 0 | AF3: 1 | AG3: 0 | AH3: 0 | AI3: 15 | AJ3: 42577 | AL3: =_xlfn.TEXTJOIN(",",TRUE,B3:AJ3) -> 21,1,1,38,11,1,6,2,1,6,2,1,1,2,5,0,0,0,0,0,0,0,66,2272,0,0,1,0,0,0,1,0,0,15,42577
A4: 71613 | B4: 734 | C4: 0 | D4: 0 | E4: 26 | F4: 426 | G4: 49 | H4: 127 | I4: 111 | J4: 21 | K4: 42 | L4: 1 | M4: 8 | N4: 2 | O4: 10 | P4: 4 | Q4: 0 | R4: 0 | S4: 0 | T4: 0 | U4: 0 | V4: 0 | W4: 0 | X4: 55 | Y4: 2471 | Z4: 0 | AA4: 0 | AB4: 0 | AC4: 1 | AD4: 0 | AE4: 0 | AF4: 1 | AG4: 0 | AH4: 0 | AI4: 692 | AJ4: 42378 | AL4: =_xlfn.TEXTJOIN(",",TRUE,B4:AJ4) -> 734,0,0,26,426,49,127,111,21,42,1,8,2,10,4,0,0,0,0,0,0,0,55,2471,0,0,0,1,0,0,1,0,0,692,42378
A5: 26646 | B5: 48 | C5: 1 | D5: 0 | E5: 26 | F5: 11 | G5: 4 | H5: 20 | I5: 10 | J5: 3 | K5: 5 | L5: 2 | M5: 2 | N5: 0 | O5: 4 | P5: 6 | Q5: 0 | R5: 0 | S5: 0 | T5: 0 | U5: 0 | V5: 0 | W5: 0 | X5: 36 | Y5: 2298 | Z5: 0 | AA5: 0 | AB5: 0 | AC5: 1 | AD5: 0 | AE5: 0 | AF5: 1 | AG5: 0 | AH5: 0 | AI5: 43 | AJ5: 42551 | AL5: =_xlfn.TEXTJOIN(",",TRUE,B5:AJ5) -> 48,1,0,26,11,4,20,10,3,5,2,2,0,4,6,0,0,0,0,0,0,0,36,2298,0,0,0,1,0,0,1,0,0,43,42551
A6: 58293 | B6: 407 | C6: 1 | D6: 0 | E6: 94 | F6: 173 | G6: 43 | H6: 118 | I6: 46 | J6: 27 | K6: 15 | L6: 5 | M6: 5 | N6: 3 | O6: 6 | P6: 5 | Q6: 0 | R6: 0 | S6: 0 | T6: 0 | U6: 0 | V6: 0 | W6: 0 | X6: 39 | Y6: 2320 | Z6: 0 | AA6: 1 | AB6: 0 | AC6: 0 | AD6: 0 | AE6: 0 | AF6: 0 | AG6: 0 | AH6: 1 | AI6: 392 | AJ6: 42529 | AL6: =_xlfn.TEXTJOIN(",",TRUE,B6:AJ6) -> 407,1,0,94,173,43,118,46,27,15,5,5,3,6,5,0,0,0,0,0,0,0,39,2320,0,1,0,0,0,0,0,0,1,392,42529
A7: 62513 | B7: 702 | C7: 0 | D7: 1 | E7: 16 | F7: 520 | G7: 42 | H7: 98 | I7: 0 | J7: 42 | K7: 14 | L7: 2 | M7: 6 | N7: 4 | O7: 10 | P7: 6 | Q7: 0 | R7: 0 | S7: 0 | T7: 0 | U7: 0 | V7: 0 | W7: 0 | X7: 53 | Y7: 2452 | Z7: 0 | AA7: 0 | AB7: 0 | AC7: 1 | AD7: 0 | AE7: 0 | AF7: 0 | AG7: 1 | AH7: 0 | AI7: 688 | AJ7: 42397 | AL7: =_xlfn.TEXTJOIN(",",TRUE,B7:AJ7) -> 702,0,1,16,520,42,98,0,42,14,2,6,4,10,6,0,0,0,0,0,0,0,53,2452,0,0,0,1,0,0,0,1,0,688,42397
A8: 55635 | B8: 563 | C8: 0 | D8: 1 | E8: 34 | F8: 235 | G8: 65 | H8: 164 | I8: 50 | J8: 49 | K8: 27 | L8: 4 | M8: 7 | N8: 3 | O8: 7 | P8: 6 | Q8: 0 | R8: 0 | S8: 0 | T8: 0 | U8: 0 | V8: 0 | W8: 0 | X8: 49 | Y8: 2752 | Z8: 1 | AA8: 0 | AB8: 0 | AC8: 0 | AD8: 0 | AE8: 0 | AF8: 1 | AG8: 0 | AH8: 0 | AI8: 536 | AJ8: 42097 | AL8: =_xlfn.TEXTJOIN(",",TRUE,B8:AJ8) -> 563,0,1,34,235,65,164,50,49,27,4,7,3,7,6,0,0,0,0,0,0,0,49,2752,1,0,0,0,0,0,1,0,0,536,42097
A9: 33454 | B9: 146 | C9: 1 | D9: 0 | E9: 32 | F9: 76 | G9: 10 | H9: 56 | I9: 3 | J9: 1 | K9: 23 | L9: 2 | M9: 4 | N9: 0 | O9: 4 | P9: 8 | Q9: 0 | R9: 0 | S9: 0 | T9: 0 | U9: 0 | V9: 0 | W9: 0 | X9: 35 | Y9: 2576 | Z9: 0 | AA9: 1 | AB9: 0 | AC9: 0 | AD9: 0 | AE9: 0 | AF9: 0 | AG9: 0 | AH9: 1 | AI9: 123 | AJ9: 42273 | AL9: =_xlfn.TEXTJOIN(",",TRUE,B9:AJ9) -> 146,1,0,32,76,10,56,3,1,23,2,4,0,4,8,0,0,0,0,0,0,0,35,2576,0,1,0,0,0,0,0,0,1,123,42273
A10: 90638 | B10: 2429 | C10: 0 | D10: 0 | E10: 29 | F10: 1156 | G10: 120 | H10: 915 | I10: 94 | J10: 144 | K10: 96 | L10: 1 | M10: 3 | N10: 4 | O10: 10 | P10: 1 | Q10: 0 | R10: 0 | S10: 0 | T10: 0 | U10: 1 | V10: 0 | W10: 1 | X10: 29 | Y10: 2295 | Z10: 0 | AA10: 0 | AB10: 1 | AC10: 0 | AD10: 0 | AE10: 0 | AF10: 0 | AG10: 1 | AH10: 0 | AI10: 2333 | AJ10: 42554 | AL10: =_xlfn.TEXTJOIN(",",TRUE,B10:AJ10) -> 2429,0,0,29,1156,120,915,94,144,96,1,3,4,10,1,0,0,0,0,1,0,1,29,2295,0,0,1,0,0,0,0,1,0,2333,42554
A11: 5648 | B11: 36 | C11: 1 | D11: 1 | E11: 68 | F11: 28 | G11: 0 | H11: 6 | I11: 1 | J11: 1 | K11: 13 | L11: 1 | M11: 1 | N11: 0 | O11: 0 | P11: 20 | Q11: 0 | R11: 0 | S11: 1 | T11: 0 | U11: 0 | V11: 0 | W11: 0 | X11: 70 | Y11: 2267 | Z11: 0 | AA11: 0 | AB11: 0 | AC11: 1 | AD11: 0 | AE11: 0 | AF11: 0 | AG11: 0 | AH11: 1 | AI11: 23 | AJ11: 42582 | AL11: =_xlfn.TEXTJOIN(",",TRUE,B11:AJ11) -> 36,1,1,68,28,0,6,1,1,13,1,1,0,0,20,0,0,1,0,0,0,0,70,2267,0,0,0,1,0,0,0,0,1,23,42582
A12: 7500 | B12: 45 | C12: 0 | D12: 0 | E12: 59 | F12: 6 | G12: 16 | H12: 11 | I12: 11 | J12: 1 | K12: 16 | L12: 1 | M12: 2 | N12: 0 | O12: 3 | P12: 8 | Q12: 0 | R12: 0 | S12: 0 | T12: 0 | U12: 0 | V12: 0 | W12: 0 | X12: 44 | Y12: 2752 | Z12: 0 | AA12: 1 | AB12: 0 | AC12: 0 | AD12: 0 | AE12: 0 | AF12: 0 | AG12: 0 | AH12: 0 | AI12: 29 | AJ12: 42097 | AL12: =_xlfn.TEXTJOIN(",",TRUE,B12:AJ12) -> 45,0,0,59,6,16,11,11,1,16,1,2,0,3,8,0,0,0,0,0,0,0,44,2752,0,1,0,0,0,0,0,0,0,29,42097
A13: 63033 | B13: 1072 | C13: 0 | D13: 0 | E13: 82 | F13: 194 | G13: 61 | H13: 480 | I13: 225 | J13: 112 | K13: 30 | L13: 1 | M13: 3 | N13: 4 | O13: 8 | P13: 2 | Q13: 0 | R13: 0 | S13: 0 | T13: 0 | U13: 0 | V13: 0 | W13: 0 | X13: 61 | Y13: 2385 | Z13: 1 | AA13: 0 | AB13: 0 | AC13: 0 | AD13: 0 | AE13: 0 | AF13: 1 | AG13: 0 | AH13: 0 | AI13: 1042 | AJ13: 42464 | AL13: =_xlfn.TEXTJOIN(",",TRUE,B13:AJ13) -> 1072,0,0,82,194,61,480,225,112,30,1,3,4,8,2,0,0,0,0,0,0,0,61,2385,1,0,0,0,0,0,1,0,0,1042,42464
... A2206: 37406 | B2206: 14 | C2206: 1 | D2206: 0 | E2206: 18 | F2206: 2 | G2206: 0 | H2206: 8 | I2206: 2 | J2206: 2 | K2206: 3 | L2206: 1 | M2206: 1 | N2206: 0 | O2206: 2 | P2206: 8 | Q2206: 0 | R2206: 0 | S2206: 0 | T2206: 0 | U2206: 0 | V2206: 0 | W2206: 1 | X2206: 40 | Y2206: 2421 | Z2206: 0 | AA2206: 1 | AB2206: 0 | AC2206: 0 | AD2206: 0 | AE2206: 0 | AF2206: 1 | AG2206: 0 | AH2206: 0 | AI2206: 11 | AJ2206: 42428 | AL2206: =_xlfn.TEXTJOIN(",",TRUE,B2206:AJ2206) -> 14,1,0,18,2,0,8,2,2,3,1,1,0,2,8,0,0,0,0,0,0,1,40,2421,0,1,0,0,0,0,1,0,0,11,42428
